{"stats":{"minecraft:mined":{"minecraft:grass":1},"minecraft:custom":{"minecraft:jump":114,"minecraft:time_since_rest":778,"minecraft:deaths":1,"minecraft:damage_dealt":28,"minecraft:crouch_one_cm":159,"minecraft:leave_game":2,"minecraft:play_time":7516,"minecraft:sprint_one_cm":27530,"minecraft:damage_taken":260,"minecraft:time_since_death":734,"minecraft:walk_one_cm":7034,"minecraft:sneak_time":46,"minecraft:total_world_time":7516,"minecraft:fall_one_cm":5458,"minecraft:fly_one_cm":20725}},"DataVersion":3578}