{"stats":{"minecraft:dropped":{"minecraft:cooked_mutton":3},"minecraft:killed_by":{"minecraft:skeleton":4,"minecraft:creeper":1,"minecraft:spider":1,"minecraft:zombie":1},"minecraft:mined":{"minecraft:grass":7},"minecraft:used":{"minecraft:cooked_mutton":3,"minecraft:iron_chestplate":1,"minecraft:iron_helmet":1,"minecraft:iron_boots":1,"minecraft:iron_leggings":1},"minecraft:custom":{"minecraft:time_since_rest":9129,"minecraft:crouch_one_cm":332,"minecraft:sprint_one_cm":235367,"minecraft:play_time":46202,"minecraft:damage_taken":2125,"minecraft:deaths":8,"minecraft:walk_one_cm":107228,"minecraft:sneak_time":81,"minecraft:walk_under_water_one_cm":5712,"minecraft:drop":1,"minecraft:jump":960,"minecraft:damage_dealt":115,"minecraft:leave_game":9,"minecraft:time_since_death":8110,"minecraft:walk_on_water_one_cm":1836,"minecraft:climb_one_cm":682,"minecraft:total_world_time":46202,"minecraft:fall_one_cm":24297,"minecraft:fly_one_cm":194422},"minecraft:picked_up":{"minecraft:cooked_mutton":3,"minecraft:rotten_flesh":2,"minecraft:wheat_seeds":1,"minecraft:dirt":29}},"DataVersion":3578}